{"RN101_real_test_accs": [72.75, 75.53, 75.19, 74.39, 75.1, 73.92, 72.65, 72.54, 72.18, 71.41, 70.84, 68.59, 66.02000000000001, 64.7, 60.49, 58.07, 54.07, 47.29, 38.1, 9.0, 9.0, 9.0, 9.0], "RN101_real_prune_percs": [100.0, 70.00002723483414, 49.0000354991976, 34.3000549016691, 24.010032561592045, 16.807055193175742, 11.764894261226011, 8.235445235068548, 5.7647902992901665, 4.035289113729662, 2.8247594318926295, 1.9772935674702632, 1.3840907058968488, 0.9689261812029307, 0.6782037180619918, 0.4747853331590304, 0.3323048896482086, 0.2326347880115641, 0.16281265589594715, 0.11397543305264549, 0.07971354213623277, 0.05575862724415034, 0.03898103028062773], "RN101_quat_test_accs": [71.36, 74.34, 73.28, 72.77, 72.88, 73.02, 71.03, 69.47, 68.32, 66.06, 65.74000000000001, 62.15, 58.88, 55.81, 53.47, 47.15, 45.91, 39.79, 9.0, 9.0, 9.0], "RN101_quat_prune_percs": [25.0, 17.500108939336567, 12.249843352747074, 8.574981442747495, 6.002548053517012, 4.201893515930688, 2.9413808699519763, 2.059160070202011, 1.4413707273240892, 1.0086373867782206, 0.7061335100404502, 0.4942558917398438, 0.34594813285490184, 0.2422209800633501, 0.16937249439525898, 0.11866874628103644, 0.08309441809865546, 0.057888109534370735, 0.040523554938483086, 0.028333618829525717, 0.019768733058054898], "RN152_real_test_accs": [73.04, 74.95, 77.31, 76.1, 74.67, 74.39, 73.54, 73.18, 71.45, 71.5, 69.6, 68.93, 67.56, 65.1, 62.43, 60.35, 47.94, 47.53, 43.49, 30.06, 9.0, 9.0, 9.0], "RN152_real_prune_percs": [100.0, 70.00002921460153, 49.00003918193617, 34.30006111007237, 24.010035731176174, 16.80705886639097, 11.764888448340335, 8.23544322331229, 5.764788431292756, 4.035285739425001, 2.824761540111304, 1.9772923494863728, 1.384082991465212, 0.9689297557246871, 0.6781980708739359, 0.47479054849211416, 0.332302344317107, 0.23264618299201514, 0.16281812982556476, 0.11398334561492267, 0.07971118101229625, 0.055751770748553704, 0.03897055993048987], "RN152_quat_test_accs": [72.36, 73.58, 73.62, 72.02, 71.11, 71.6, 72.13, 69.00999999999999, 68.72, 66.32, 65.19, 63.38, 60.13, 55.4, 53.66, 50.27, 42.91, 9.0], "RN152_quat_prune_percs": [25.0, 17.500116858406106, 12.249826774598008, 8.575007973867711, 6.002548888057896, 4.201918952508744, 2.941415444006951, 2.059196344119135, 1.4413865731066189, 1.0085980290798706, 0.7061066078616837, 0.49422856954312483, 0.3459352521941884, 0.24220623171509648, 0.16934157849585357, 0.11866627438903675, 0.0830932007654913, 0.057831162974857575]}