{"RN101_real": {"saved_models/RN101_real_prune/RN101_real_unpruned.pt": {"accuracy": 65.13, "prune_perc": 1.0}, "saved_models/RN101_real_prune/RN101_real_1.pt": {"accuracy": 67.98, "prune_perc": 0.7000002723483414}, "saved_models/RN101_real_prune/RN101_real_2.pt": {"accuracy": 67.48, "prune_perc": 0.49000035499197603}, "saved_models/RN101_real_prune/RN101_real_3.pt": {"accuracy": 66.92, "prune_perc": 0.343000549016691}, "saved_models/RN101_real_prune/RN101_real_4.pt": {"accuracy": 67.8, "prune_perc": 0.24010032561592046}, "saved_models/RN101_real_prune/RN101_real_5.pt": {"accuracy": 66.56, "prune_perc": 0.1680705519317574}, "saved_models/RN101_real_prune/RN101_real_6.pt": {"accuracy": 65.61, "prune_perc": 0.11764894261226011}, "saved_models/RN101_real_prune/RN101_real_7.pt": {"accuracy": 65.17, "prune_perc": 0.08235445235068549}, "saved_models/RN101_real_prune/RN101_real_8.pt": {"accuracy": 64.62, "prune_perc": 0.057647902992901665}, "saved_models/RN101_real_prune/RN101_real_9.pt": {"accuracy": 64.4, "prune_perc": 0.04035289113729662}, "saved_models/RN101_real_prune/RN101_real_10.pt": {"accuracy": 63.92, "prune_perc": 0.028247594318926292}, "saved_models/RN101_real_prune/RN101_real_11.pt": {"accuracy": 60.78, "prune_perc": 0.019772935674702632}, "saved_models/RN101_real_prune/RN101_real_12.pt": {"accuracy": 58.78, "prune_perc": 0.013840907058968488}, "saved_models/RN101_real_prune/RN101_real_13.pt": {"accuracy": 57.78, "prune_perc": 0.009689261812029308}, "saved_models/RN101_real_prune/RN101_real_14.pt": {"accuracy": 53.3, "prune_perc": 0.006782037180619918}, "saved_models/RN101_real_prune/RN101_real_15.pt": {"accuracy": 51.16, "prune_perc": 0.004747853331590304}, "saved_models/RN101_real_prune/RN101_real_16.pt": {"accuracy": 46.72, "prune_perc": 0.003323048896482086}, "saved_models/RN101_real_prune/RN101_real_17.pt": {"accuracy": 40.2, "prune_perc": 0.002326347880115641}, "saved_models/RN101_real_prune/RN101_real_18.pt": {"accuracy": 30.5, "prune_perc": 0.0016281265589594715}, "saved_models/RN101_real_prune/RN101_real_19.pt": {"accuracy": 1.0, "prune_perc": 0.001139754330526455}, "saved_models/RN101_real_prune/RN101_real_20.pt": {"accuracy": 1.0, "prune_perc": 0.0007971354213623278}, "saved_models/RN101_real_prune/RN101_real_21.pt": {"accuracy": 1.0, "prune_perc": 0.0005575862724415034}, "saved_models/RN101_real_prune/RN101_real_22.pt": {"accuracy": 1.0, "prune_perc": 0.0003898103028062773}}, "RN101_quat": {"saved_models/RN101_quat_prune/RN101_quat_unpruned.pt": {"accuracy": 64.11, "prune_perc": 1.0}, "saved_models/RN101_quat_prune/RN101_quat_1.pt": {"accuracy": 67.05, "prune_perc": 0.7000043575734627}, "saved_models/RN101_quat_prune/RN101_quat_2.pt": {"accuracy": 66.0, "prune_perc": 0.48999373410988295}, "saved_models/RN101_quat_prune/RN101_quat_3.pt": {"accuracy": 65.48, "prune_perc": 0.3429992577098998}, "saved_models/RN101_quat_prune/RN101_quat_4.pt": {"accuracy": 65.18, "prune_perc": 0.2401019221406805}, "saved_models/RN101_quat_prune/RN101_quat_5.pt": {"accuracy": 65.72, "prune_perc": 0.1680757406372275}, "saved_models/RN101_quat_prune/RN101_quat_6.pt": {"accuracy": 63.86, "prune_perc": 0.11765523479807906}, "saved_models/RN101_quat_prune/RN101_quat_7.pt": {"accuracy": 62.02, "prune_perc": 0.08236640280808044}, "saved_models/RN101_quat_prune/RN101_quat_8.pt": {"accuracy": 61.1, "prune_perc": 0.05765482909296357}, "saved_models/RN101_quat_prune/RN101_quat_9.pt": {"accuracy": 58.78, "prune_perc": 0.04034549547112882}, "saved_models/RN101_quat_prune/RN101_quat_10.pt": {"accuracy": 58.29, "prune_perc": 0.02824534040161801}, "saved_models/RN101_quat_prune/RN101_quat_11.pt": {"accuracy": 55.19, "prune_perc": 0.019770235669593753}, "saved_models/RN101_quat_prune/RN101_quat_12.pt": {"accuracy": 52.03, "prune_perc": 0.013837925314196073}, "saved_models/RN101_quat_prune/RN101_quat_13.pt": {"accuracy": 48.72, "prune_perc": 0.009688839202534005}, "saved_models/RN101_quat_prune/RN101_quat_14.pt": {"accuracy": 46.27, "prune_perc": 0.006774899775810359}, "saved_models/RN101_quat_prune/RN101_quat_15.pt": {"accuracy": 39.63, "prune_perc": 0.004746749851241457}, "saved_models/RN101_quat_prune/RN101_quat_16.pt": {"accuracy": 8.41, "prune_perc": 0.0033237767239462186}, "saved_models/RN101_quat_prune/RN101_quat_17.pt": {"accuracy": 32.19, "prune_perc": 0.0023155243813748295}, "saved_models/RN101_quat_prune/RN101_quat_18.pt": {"accuracy": 1.0, "prune_perc": 0.0016209421975393234}, "saved_models/RN101_quat_prune/RN101_quat_19.pt": {"accuracy": 1.0, "prune_perc": 0.0011333447531810287}, "saved_models/RN101_quat_prune/RN101_quat_20.pt": {"accuracy": 1.0, "prune_perc": 0.0007907493223221959}}}