{"RN152_real": {"saved_models/RN152_real_prune/RN152_real_unpruned.pt": {"accuracy": 65.95, "prune_perc": 1.0}, "saved_models/RN152_real_prune/RN152_real_1.pt": {"accuracy": 67.21, "prune_perc": 0.7000002921460152}, "saved_models/RN152_real_prune/RN152_real_2.pt": {"accuracy": 70.08, "prune_perc": 0.49000039181936167}, "saved_models/RN152_real_prune/RN152_real_3.pt": {"accuracy": 68.51, "prune_perc": 0.3430006111007237}, "saved_models/RN152_real_prune/RN152_real_4.pt": {"accuracy": 66.98, "prune_perc": 0.24010035731176174}, "saved_models/RN152_real_prune/RN152_real_5.pt": {"accuracy": 67.12, "prune_perc": 0.16807058866390973}, "saved_models/RN152_real_prune/RN152_real_6.pt": {"accuracy": 66.25, "prune_perc": 0.11764888448340335}, "saved_models/RN152_real_prune/RN152_real_7.pt": {"accuracy": 65.83, "prune_perc": 0.0823544322331229}, "saved_models/RN152_real_prune/RN152_real_8.pt": {"accuracy": 64.5, "prune_perc": 0.05764788431292756}, "saved_models/RN152_real_prune/RN152_real_9.pt": {"accuracy": 63.94, "prune_perc": 0.040352857394250014}, "saved_models/RN152_real_prune/RN152_real_10.pt": {"accuracy": 61.8, "prune_perc": 0.028247615401113042}, "saved_models/RN152_real_prune/RN152_real_11.pt": {"accuracy": 61.74, "prune_perc": 0.019772923494863728}, "saved_models/RN152_real_prune/RN152_real_12.pt": {"accuracy": 60.14, "prune_perc": 0.013840829914652119}, "saved_models/RN152_real_prune/RN152_real_13.pt": {"accuracy": 57.78, "prune_perc": 0.009689297557246871}, "saved_models/RN152_real_prune/RN152_real_14.pt": {"accuracy": 55.35, "prune_perc": 0.006781980708739359}, "saved_models/RN152_real_prune/RN152_real_15.pt": {"accuracy": 53.47, "prune_perc": 0.004747905484921142}, "saved_models/RN152_real_prune/RN152_real_16.pt": {"accuracy": 40.65, "prune_perc": 0.0033230234431710698}, "saved_models/RN152_real_prune/RN152_real_17.pt": {"accuracy": 40.49, "prune_perc": 0.0023264618299201514}, "saved_models/RN152_real_prune/RN152_real_18.pt": {"accuracy": 1.0, "prune_perc": 0.0016281812982556476}, "saved_models/RN152_real_prune/RN152_real_19.pt": {"accuracy": 22.45, "prune_perc": 0.0011398334561492267}, "saved_models/RN152_real_prune/RN152_real_20.pt": {"accuracy": 1.0, "prune_perc": 0.0007971118101229625}, "saved_models/RN152_real_prune/RN152_real_21.pt": {"accuracy": 1.0, "prune_perc": 0.0005575177074855371}, "saved_models/RN152_real_prune/RN152_real_22.pt": {"accuracy": 1.0, "prune_perc": 0.0003897055993048987}}, "RN152_quat": {"saved_models/RN152_quat_prune/RN152_quat_unpruned.pt": {"accuracy": 64.96, "prune_perc": 1.0}, "saved_models/RN152_quat_prune/RN152_quat_1.pt": {"accuracy": 65.78, "prune_perc": 0.7000046743362442}, "saved_models/RN152_quat_prune/RN152_quat_2.pt": {"accuracy": 66.26, "prune_perc": 0.4899930709839203}, "saved_models/RN152_quat_prune/RN152_quat_3.pt": {"accuracy": 64.39, "prune_perc": 0.34300031895470845}, "saved_models/RN152_quat_prune/RN152_quat_4.pt": {"accuracy": 64.16, "prune_perc": 0.24010195552231584}, "saved_models/RN152_quat_prune/RN152_quat_5.pt": {"accuracy": 64.04, "prune_perc": 0.16807675810034975}, "saved_models/RN152_quat_prune/RN152_quat_6.pt": {"accuracy": 64.46, "prune_perc": 0.11765661776027804}, "saved_models/RN152_quat_prune/RN152_quat_7.pt": {"accuracy": 62.03, "prune_perc": 0.08236785376476541}, "saved_models/RN152_quat_prune/RN152_quat_8.pt": {"accuracy": 61.27, "prune_perc": 0.05765546292426475}, "saved_models/RN152_quat_prune/RN152_quat_9.pt": {"accuracy": 59.97, "prune_perc": 0.040343921163194824}, "saved_models/RN152_quat_prune/RN152_quat_10.pt": {"accuracy": 57.93, "prune_perc": 0.028244264314467346}, "saved_models/RN152_quat_prune/RN152_quat_11.pt": {"accuracy": 56.61, "prune_perc": 0.019769142781724994}, "saved_models/RN152_quat_prune/RN152_quat_12.pt": {"accuracy": 52.99, "prune_perc": 0.013837410087767538}, "saved_models/RN152_quat_prune/RN152_quat_13.pt": {"accuracy": 48.37, "prune_perc": 0.009688249268603859}, "saved_models/RN152_quat_prune/RN152_quat_14.pt": {"accuracy": 46.59, "prune_perc": 0.0067736631398341435}, "saved_models/RN152_quat_prune/RN152_quat_15.pt": {"accuracy": 43.67, "prune_perc": 0.00474665097556147}, "saved_models/RN152_quat_prune/RN152_quat_16.pt": {"accuracy": 35.25, "prune_perc": 0.003323728030619652}, "saved_models/RN152_quat_prune/RN152_quat_17.pt": {"accuracy": 1.0, "prune_perc": 0.002313246518994303}}}