{"RN34_real": {"saved_models/RN34_real_prune/RN34_real_unpruned.pt": {"accuracy": 61.28, "prune_perc": 1.0}, "saved_models/RN34_real_prune/RN34_real_1.pt": {"accuracy": 64.51, "prune_perc": 0.7000000563069827}, "saved_models/RN34_real_prune/RN34_real_2.pt": {"accuracy": 65.08, "prune_perc": 0.4899999268009225}, "saved_models/RN34_real_prune/RN34_real_3.pt": {"accuracy": 64.49, "prune_perc": 0.34299989714591167}, "saved_models/RN34_real_prune/RN34_real_4.pt": {"accuracy": 64.15, "prune_perc": 0.2401000593850977}, "saved_models/RN34_real_prune/RN34_real_5.pt": {"accuracy": 63.54, "prune_perc": 0.16807029025874184}, "saved_models/RN34_real_prune/RN34_real_6.pt": {"accuracy": 63.55, "prune_perc": 0.11764893572295163}, "saved_models/RN34_real_prune/RN34_real_7.pt": {"accuracy": 62.22, "prune_perc": 0.08235412362310658}, "saved_models/RN34_real_prune/RN34_real_8.pt": {"accuracy": 63.31, "prune_perc": 0.05764802730363128}, "saved_models/RN34_real_prune/RN34_real_9.pt": {"accuracy": 62.4, "prune_perc": 0.040353290655143}, "saved_models/RN34_real_prune/RN34_real_10.pt": {"accuracy": 59.1, "prune_perc": 0.02824747707179666}, "saved_models/RN34_real_prune/RN34_real_11.pt": {"accuracy": 57.21, "prune_perc": 0.01977337002546577}, "saved_models/RN34_real_prune/RN34_real_12.pt": {"accuracy": 55.67, "prune_perc": 0.01384114786664104}, "saved_models/RN34_real_prune/RN34_real_13.pt": {"accuracy": 54.58, "prune_perc": 0.009688977119845283}, "saved_models/RN34_real_prune/RN34_real_14.pt": {"accuracy": 52.6, "prune_perc": 0.006781847604776034}, "saved_models/RN34_real_prune/RN34_real_15.pt": {"accuracy": 48.4, "prune_perc": 0.0047472886310946675}, "saved_models/RN34_real_prune/RN34_real_16.pt": {"accuracy": 43.29, "prune_perc": 0.0033230035045466013}, "saved_models/RN34_real_prune/RN34_real_17.pt": {"accuracy": 36.09, "prune_perc": 0.0023260414539513987}, "saved_models/RN34_real_prune/RN34_real_18.pt": {"accuracy": 29.73, "prune_perc": 0.0016277410239162033}, "saved_models/RN34_real_prune/RN34_real_19.pt": {"accuracy": 18.17, "prune_perc": 0.0011392310267991207}, "saved_models/RN34_real_prune/RN34_real_20.pt": {"accuracy": 15.54, "prune_perc": 0.0007973537970426071}}, "RN34_quat": {"saved_models/RN34_quat_prune/RN34_quat_unpruned.pt": {"accuracy": 58.12, "prune_perc": 1.0}, "saved_models/RN34_quat_prune/RN34_quat_1.pt": {"accuracy": 57.99, "prune_perc": 0.7000009009117226}, "saved_models/RN34_quat_prune/RN34_quat_2.pt": {"accuracy": 61.03, "prune_perc": 0.48999687683936144}, "saved_models/RN34_quat_prune/RN34_quat_3.pt": {"accuracy": 61.62, "prune_perc": 0.3429958618121539}, "saved_models/RN34_quat_prune/RN34_quat_4.pt": {"accuracy": 61.5, "prune_perc": 0.24010048168746773}, "saved_models/RN34_quat_prune/RN34_quat_5.pt": {"accuracy": 59.48, "prune_perc": 0.1680710879409963}, "saved_models/RN34_quat_prune/RN34_quat_6.pt": {"accuracy": 58.87, "prune_perc": 0.11764705882352941}, "saved_models/RN34_quat_prune/RN34_quat_7.pt": {"accuracy": 57.13, "prune_perc": 0.08235834664680657}, "saved_models/RN34_quat_prune/RN34_quat_8.pt": {"accuracy": 57.41, "prune_perc": 0.05764708885392017}, "saved_models/RN34_quat_prune/RN34_quat_9.pt": {"accuracy": 55.96, "prune_perc": 0.040350334538553016}, "saved_models/RN34_quat_prune/RN34_quat_10.pt": {"accuracy": 54.71, "prune_perc": 0.028243582505495562}, "saved_models/RN34_quat_prune/RN34_quat_11.pt": {"accuracy": 52.14, "prune_perc": 0.019770507753846894}, "saved_models/RN34_quat_prune/RN34_quat_12.pt": {"accuracy": 46.03, "prune_perc": 0.013831247222188855}, "saved_models/RN34_quat_prune/RN34_quat_13.pt": {"accuracy": 43.28, "prune_perc": 0.009684050258861968}, "saved_models/RN34_quat_prune/RN34_quat_14.pt": {"accuracy": 42.77, "prune_perc": 0.006775606914197168}, "saved_models/RN34_quat_prune/RN34_quat_15.pt": {"accuracy": 36.34, "prune_perc": 0.004738044901440258}, "saved_models/RN34_quat_prune/RN34_quat_16.pt": {"accuracy": 32.26, "prune_perc": 0.003311601340556643}, "saved_models/RN34_quat_prune/RN34_quat_17.pt": {"accuracy": 30.85, "prune_perc": 0.0023153431272447717}, "saved_models/RN34_quat_prune/RN34_quat_18.pt": {"accuracy": 24.39, "prune_perc": 0.0016156350226429147}, "saved_models/RN34_quat_prune/RN34_quat_19.pt": {"accuracy": 14.24, "prune_perc": 0.001125388893560283}, "saved_models/RN34_quat_prune/RN34_quat_20.pt": {"accuracy": 11.54, "prune_perc": 0.0007897992768681906}}}