{"RN50_real": {"saved_models/RN50_real_prune/RN50_real_unpruned.pt": {"accuracy": 62.24, "prune_perc": 1.0}, "saved_models/RN50_real_prune/RN50_real_1.pt": {"accuracy": 64.1, "prune_perc": 0.7000000591900901}, "saved_models/RN50_real_prune/RN50_real_2.pt": {"accuracy": 63.4, "prune_perc": 0.48999983426774757}, "saved_models/RN50_real_prune/RN50_real_3.pt": {"accuracy": 63.88, "prune_perc": 0.3429998501645146}, "saved_models/RN50_real_prune/RN50_real_4.pt": {"accuracy": 66.57, "prune_perc": 0.2401000769132943}, "saved_models/RN50_real_prune/RN50_real_5.pt": {"accuracy": 63.95, "prune_perc": 0.16807013416871408}, "saved_models/RN50_real_prune/RN50_real_6.pt": {"accuracy": 62.9, "prune_perc": 0.11764901358869179}, "saved_models/RN50_real_prune/RN50_real_7.pt": {"accuracy": 63.32, "prune_perc": 0.08235451244953622}, "saved_models/RN50_real_prune/RN50_real_8.pt": {"accuracy": 62.86, "prune_perc": 0.057648061473812955}, "saved_models/RN50_real_prune/RN50_real_9.pt": {"accuracy": 62.16, "prune_perc": 0.04035335130908186}, "saved_models/RN50_real_prune/RN50_real_10.pt": {"accuracy": 59.39, "prune_perc": 0.028247582676717932}, "saved_models/RN50_real_prune/RN50_real_11.pt": {"accuracy": 57.32, "prune_perc": 0.019773126075568494}, "saved_models/RN50_real_prune/RN50_real_12.pt": {"accuracy": 53.5, "prune_perc": 0.013841137518534954}, "saved_models/RN50_real_prune/RN50_real_13.pt": {"accuracy": 52.54, "prune_perc": 0.009689206365741993}, "saved_models/RN50_real_prune/RN50_real_14.pt": {"accuracy": 47.61, "prune_perc": 0.0067820005303432076}, "saved_models/RN50_real_prune/RN50_real_15.pt": {"accuracy": 36.95, "prune_perc": 0.004747594852965052}, "saved_models/RN50_real_prune/RN50_real_16.pt": {"accuracy": 38.4, "prune_perc": 0.0033232276119402986}, "saved_models/RN50_real_prune/RN50_real_17.pt": {"accuracy": 10.09, "prune_perc": 0.0023262128218587987}, "saved_models/RN50_real_prune/RN50_real_18.pt": {"accuracy": 1.0, "prune_perc": 0.0016280657084411156}, "saved_models/RN50_real_prune/RN50_real_19.pt": {"accuracy": 1.0, "prune_perc": 0.0011396206287272845}, "saved_models/RN50_real_prune/RN50_real_20.pt": {"accuracy": 1.0, "prune_perc": 0.0007972059571612568}}, "RN50_quat": {"saved_models/RN50_quat_prune/RN50_quat_unpruned.pt": {"accuracy": 61.28, "prune_perc": 1.0}, "saved_models/RN50_quat_prune/RN50_quat_1.pt": {"accuracy": 61.57, "prune_perc": 0.7000009470414426}, "saved_models/RN50_quat_prune/RN50_quat_2.pt": {"accuracy": 61.39, "prune_perc": 0.48999653653415304}, "saved_models/RN50_quat_prune/RN50_quat_3.pt": {"accuracy": 61.57, "prune_perc": 0.342996087365926}, "saved_models/RN50_quat_prune/RN50_quat_4.pt": {"accuracy": 61.95, "prune_perc": 0.24009935817648523}, "saved_models/RN50_quat_prune/RN50_quat_5.pt": {"accuracy": 60.93, "prune_perc": 0.168069415431905}, "saved_models/RN50_quat_prune/RN50_quat_6.pt": {"accuracy": 59.61, "prune_perc": 0.11765028194776661}, "saved_models/RN50_quat_prune/RN50_quat_7.pt": {"accuracy": 58.6, "prune_perc": 0.08235878259175479}, "saved_models/RN50_quat_prune/RN50_quat_8.pt": {"accuracy": 56.84, "prune_perc": 0.05765047135605511}, "saved_models/RN50_quat_prune/RN50_quat_9.pt": {"accuracy": 56.35, "prune_perc": 0.04034937711731408}, "saved_models/RN50_quat_prune/RN50_quat_10.pt": {"accuracy": 54.23, "prune_perc": 0.028242805190869438}, "saved_models/RN50_quat_prune/RN50_quat_11.pt": {"accuracy": 49.24, "prune_perc": 0.019766107822021147}, "saved_models/RN50_quat_prune/RN50_quat_12.pt": {"accuracy": 43.87, "prune_perc": 0.013832893184548613}, "saved_models/RN50_quat_prune/RN50_quat_13.pt": {"accuracy": 39.87, "prune_perc": 0.009684851666251772}, "saved_models/RN50_quat_prune/RN50_quat_14.pt": {"accuracy": 37.38, "prune_perc": 0.006772022772287944}, "saved_models/RN50_quat_prune/RN50_quat_15.pt": {"accuracy": 34.02, "prune_perc": 0.004741295336226771}, "saved_models/RN50_quat_prune/RN50_quat_16.pt": {"accuracy": 28.53, "prune_perc": 0.0033173508815602915}, "saved_models/RN50_quat_prune/RN50_quat_17.pt": {"accuracy": 1.0, "prune_perc": 0.002318222159687422}, "saved_models/RN50_quat_prune/RN50_quat_18.pt": {"accuracy": 1.0, "prune_perc": 0.0016194408667323283}, "saved_models/RN50_quat_prune/RN50_quat_19.pt": {"accuracy": 1.0, "prune_perc": 0.001132390982000801}, "saved_models/RN50_quat_prune/RN50_quat_20.pt": {"accuracy": 1.0, "prune_perc": 0.0007914560626887319}}}