{"0.0": 22.880728542804718, "0.05": 22.545766830444336, "0.1": 22.058148682117462, "0.15000000000000002": 21.585889160633087, "0.2": 21.101510524749756, "0.25": 20.370860397815704, "0.30000000000000004": 19.942516088485718, "0.35000000000000003": 19.178886711597443, "0.4": 18.32505464553833, "0.45": 17.114685475826263, "0.5": 15.184947848320007, "0.55": 13.500826060771942, "0.6000000000000001": 11.592911183834076, "0.65": 9.815502166748047, "0.7000000000000001": 7.147519290447235, "0.75": 4.389530047774315, "0.8": 2.2300491109490395, "0.8500000000000001": 0.776409637182951, "0.9": 0.18182614585384727, "0.9500000000000001": 0.004468926272238605}