{"0.0": 67.30908751487732, "0.05": 66.87933802604675, "0.1": 66.98962450027466, "0.15000000000000002": 66.90599322319031, "0.2": 66.99684858322144, "0.25": 66.19404554367065, "0.30000000000000004": 65.28536677360535, "0.35000000000000003": 64.99531269073486, "0.4": 63.79930377006531, "0.45": 62.37283945083618, "0.5": 60.00915169715881, "0.55": 57.47254490852356, "0.6000000000000001": 53.17792296409607, "0.65": 48.17411005496979, "0.7000000000000001": 40.4869943857193, "0.75": 30.42473793029785, "0.8": 19.984030723571777, "0.8500000000000001": 9.390085190534592, "0.9": 2.347659319639206, "0.9500000000000001": 0.08796823094598949}