{
	"0.0": 22.81268537044525,
	"0.05": 22.48225212097168,
	"0.1": 21.97541743516922,
	"0.15000000000000002": 21.378517150878906,
	"0.2": 20.966339111328125,
	"0.25": 20.269322395324707,
	"0.30000000000000004": 19.749176502227783,
	"0.35000000000000003": 18.88635903596878,
	"0.4": 18.15136969089508,
	"0.45": 16.59677028656006,
	"0.5": 14.941248297691345,
	"0.55": 13.425679504871368,
	"0.6000000000000001": 11.51423454284668,
	"0.65": 9.726551175117493,
	"0.7000000000000001": 7.172664999961853,
	"0.75": 4.391966015100479,
	"0.8": 2.2691745311021805,
	"0.8500000000000001": 0.8389496244490147,
	"0.9": 0.19882763735949993,
	"0.9500000000000001": 0.004900557541986927
}