{
	"0.0": 67.74094700813293,
	"0.05": 67.31995344161987,
	"0.10": 67.48674511909485,
	"0.15": 66.94428324699402,
	"0.20": 66.46991968154907,
	"0.25": 66.57450199127197,
	"0.30": 66.19753837585449,
	"0.35": 65.2481198310852,
	"0.40": 63.955241441726685,
	"0.45": 62.5433623790741,
	"0.50": 61.041706800460815,
	"0.55": 57.60382413864136,
	"0.60": 53.19283604621887,
	"0.65": 47.34429717063904,
	"0.70": 40.1251494884491,
	"0.75": 30.423787236213684,
	"0.80": 19.28880363702774,
	"0.85": 9.019030630588531,
	"0.90": 2.495679259300232,
	"0.95": 0.07819710299372673
}