{
	"0.0": 98.89370203018188,
	"0.05": 98.81190061569214,
	"0.1": 98.55106472969055,
	"0.15000000000000002": 98.40957522392273,
	"0.2": 98.42379689216614,
	"0.25": 97.84232974052429,
	"0.30000000000000004": 97.45173454284668,
	"0.35000000000000003": 97.14685678482056,
	"0.4": 96.14783525466919,
	"0.45": 95.56903839111328,
	"0.5": 94.3821907043457,
	"0.55": 93.16989183425903,
	"0.6000000000000001": 90.9646213054657,
	"0.65": 87.83062696456909,
	"0.7000000000000001": 83.09564590454102,
	"0.75": 75.88905096054077,
	"0.8": 64.23395872116089,
	"0.8500000000000001": 47.058168053627014,
	"0.9": 20.89856117963791,
	"0.9500000000000001": 1.9856493920087814
}