{
	"0.0": 23.60985279083252,
	"0.05": 23.21501225233078,
	"0.1": 22.944481670856476,
	"0.15000000000000002": 22.556588053703308,
	"0.2": 21.924391388893127,
	"0.25": 21.24762535095215,
	"0.30000000000000004": 20.662279427051544,
	"0.35000000000000003": 20.0386643409729,
	"0.4": 19.1926509141922,
	"0.45": 17.98568367958069,
	"0.5": 16.43424481153488,
	"0.55": 14.99868929386139,
	"0.6000000000000001": 13.307464122772217,
	"0.65": 11.490090936422348,
	"0.7000000000000001": 8.953903615474701,
	"0.75": 5.821438506245613,
	"0.8": 3.2633766531944275,
	"0.8500000000000001": 1.1941737495362759,
	"0.9": 0.2550556557253003,
	"0.9500000000000001": 0.005588725252891891
}