{
	"0.0": 23.427505791187286,
	"0.05": 22.97116070985794,
	"0.1": 22.708722949028015,
	"0.15000000000000002": 22.357992827892303,
	"0.2": 21.72696888446808,
	"0.25": 21.056827902793884,
	"0.30000000000000004": 20.48167884349823,
	"0.35000000000000003": 19.785504043102264,
	"0.4": 18.93179416656494,
	"0.45": 17.757265269756317,
	"0.5": 16.31532609462738,
	"0.55": 14.970256388187408,
	"0.6000000000000001": 12.990784645080566,
	"0.65": 11.115048080682755,
	"0.7000000000000001": 8.87562483549118,
	"0.75": 6.065679341554642,
	"0.8": 3.3323194831609726,
	"0.8500000000000001": 1.3864611275494099,
	"0.9": 0.27666245587170124,
	"0.9500000000000001": 0.009848495392361656
}