{
	"0.0": 98.70233535766602,
	"0.05": 98.71320724487305,
	"0.1": 98.57298135757446,
	"0.15000000000000002": 98.42501878738403,
	"0.2": 98.32143783569336,
	"0.25": 98.05740118026733,
	"0.30000000000000004": 97.42957353591919,
	"0.35000000000000003": 96.97681665420532,
	"0.4": 96.09826803207397,
	"0.45": 95.79672813415527,
	"0.5": 94.26383972167969,
	"0.55": 92.7556037902832,
	"0.6000000000000001": 90.25971293449402,
	"0.65": 87.35567331314087,
	"0.7000000000000001": 82.52312541007996,
	"0.75": 75.59658288955688,
	"0.8": 64.25081491470337,
	"0.8500000000000001": 45.174890756607056,
	"0.9": 19.835200905799866,
	"0.9500000000000001": 1.967000961303711
}