{
  "epochs": [0, 1, 2, 3, 4, 5, 6, 7, 8, 9],
  "real3_accu": [
    [10.0, 14.9464, 23.4828, 29.775600000000004, 34.5296, 39.802, 43.745, 47.276599999999995, 50.5626, 54.513],
    [10.0, 15.118, 23.787999999999997, 30.363, 34.873, 39.95900000000001, 43.723, 46.85099999999999, 49.9, 53.374]
  ],
  "real4_accu": [
    [10.1864, 15.497399999999999, 22.2698, 28.4334, 32.6406, 36.53, 40.653600000000004, 44.456399999999995, 48.020799999999994, 51.362],
    [10.208, 15.752000000000004, 22.719, 28.689, 32.908, 36.641000000000005, 40.612, 44.213, 47.714999999999996, 50.675]
  ],
  "quat_accu": [
    [19.1214, 30.5228, 37.9354, 42.622, 46.605000000000004, 50.8722, 53.614, 58.43019999999999, 58.7642, 63.22099999999999],
    [19.211999999999996, 31.197000000000003, 38.472, 42.791, 46.538999999999994, 50.54299999999999, 53.153999999999996, 57.564, 57.395, 61.456999999999994]
  ]
}
