{
  "epochs": [
    0, 1, 2, 3, 4, 5, 6, 7, 8, 9, 10, 11, 12, 13, 14, 15, 16, 17, 18, 19, 20,
    21, 22, 23, 24, 25, 26, 27, 28, 29, 30, 31, 32, 33, 34, 35, 36, 37, 38, 39,
    40, 41, 42, 43, 44, 45, 46, 47, 48, 49, 50, 51, 52, 53, 54, 55, 56, 57, 58,
    59
  ],
  "real3_accu": [
    [
      52.047000000000004, 64.48819999999999, 69.6966, 72.61100000000002,
      75.3308, 76.58539999999999, 78.1972, 79.01759999999999, 80.9712, 81.9532,
      82.8754, 84.62959999999998, 85.04220000000001, 86.0836, 86.5886, 87.899,
      87.98519999999999, 88.19379999999998, 88.97240000000001, 89.2764, 89.561,
      89.88859999999998, 90.62459999999999, 90.83919999999998, 91.192, 91.6628,
      91.874, 91.45559999999999, 92.3526, 92.13220000000001, 92.62859999999999,
      92.86699999999999, 93.2014, 93.3442, 93.554, 93.3536, 93.75319999999999,
      94.14939999999999, 94.12979999999999, 94.4838, 94.51400000000001, 94.8634,
      94.2412, 94.8582, 94.6522, 94.701, 94.7112, 95.01199999999999,
      95.20700000000001, 94.8786, 95.5932, 94.9426, 94.66420000000001, 95.094,
      94.8206, 95.40979999999999, 95.7978, 95.03959999999998, 95.42620000000001,
      95.28920000000001
    ],
    [
      50.837, 61.649, 65.518, 67.14099999999999, 68.30600000000001, 68.552,
      68.954, 68.667, 69.181, 69.372, 69.323, 69.709, 69.49000000000001,
      69.69900000000001, 69.72200000000001, 70.34199999999998, 69.816, 69.562,
      69.66100000000002, 69.56300000000002, 69.636, 69.385, 69.792,
      69.55799999999999, 69.46600000000001, 69.68199999999999, 69.517, 69.3,
      69.56800000000001, 69.393, 69.457, 69.525, 69.708, 69.548, 69.713, 69.199,
      69.506, 69.559, 69.63000000000001, 69.77400000000002, 69.69, 69.739,
      69.29799999999999, 69.434, 69.42699999999999, 69.50899999999999,
      69.42999999999999, 69.56699999999998, 69.40599999999999,
      69.27000000000001, 69.706, 69.343, 69.001, 69.385, 69.091,
      69.16999999999999, 69.59299999999999, 69.174, 69.07000000000001,
      69.27900000000001
    ]
  ],
  "real4_accu": [
    [
      48.02720000000001, 57.41619999999999, 62.929799999999986, 66.342, 68.7116,
      69.59899999999999, 71.12100000000001, 72.1264, 73.0388, 74.35579999999999,
      75.37539999999998, 75.83420000000001, 77.0332, 77.8418, 78.5912, 79.0678,
      80.0356, 80.4106, 80.4414, 80.9932, 81.1308, 81.1714, 82.01400000000001,
      82.4888, 82.4056, 82.88999999999999, 83.08699999999999, 83.37039999999999,
      83.4704, 84.19820000000001, 84.36419999999998, 84.64040000000001, 84.0764,
      84.7448, 84.6354, 84.8264, 84.412, 85.15920000000001, 85.3678, 85.5154,
      85.30799999999999, 85.3736, 85.7406, 86.0956, 85.9434, 85.872,
      85.87960000000001, 86.24080000000001, 86.2002, 86.3392, 86.5652, 86.3052,
      86.5846, 86.52000000000001, 86.68060000000001, 86.81599999999999,
      86.78580000000001, 86.7302, 86.47579999999999, 86.33439999999999
    ],
    [
      47.001, 55.08200000000001, 59.431000000000004, 61.605000000000004, 62.633,
      62.678, 63.105000000000004, 63.31300000000001, 63.044000000000004, 63.673,
      63.595000000000006, 63.65999999999999, 63.802, 64.17099999999999,
      64.20599999999999, 63.91600000000001, 64.16899999999998, 64.127,
      63.74499999999999, 63.62399999999999, 63.94500000000001, 63.451,
      63.654999999999994, 63.663, 63.678, 63.66600000000001, 63.871, 63.452,
      63.520999999999994, 63.75599999999999, 63.943, 64.009, 63.362999999999985,
      63.71, 63.45, 63.69599999999999, 63.136, 63.564, 63.47299999999999,
      63.66099999999999, 63.48, 63.437, 63.431, 63.399, 63.556999999999995,
      63.43499999999999, 63.379000000000005, 63.291999999999994, 63.625, 63.663,
      63.61100000000001, 63.23199999999999, 63.58300000000001, 63.622, 63.795,
      63.528000000000006, 63.515, 63.36999999999999, 63.24699999999999,
      63.17100000000001
    ]
  ],
  "quat_accu": [
    [
      62.82839999999999, 72.76200000000001, 77.1278, 79.3984, 81.6168, 83.5642,
      84.79060000000001, 85.73079999999999, 79.5664, 77.28280000000001,
      79.50079999999998, 81.5872, 82.2904, 82.299, 83.03040000000001, 83.693,
      83.446, 83.4308, 75.9322, 75.47380000000001, 75.145, 75.85,
      76.46119999999999, 76.2602, 76.1466, 76.2736, 77.222, 76.7812, 71.3866,
      68.20920000000001, 60.6986, 58.8412, 55.883799999999994,
      56.01700000000001, 58.0846, 59.744400000000006, 60.52220000000001,
      51.8144, 48.873799999999996, 43.118, 33.655, 23.449800000000003,
      25.819799999999997, 18.471600000000002, 22.9416, 24.6808,
      26.013799999999996, 25.433000000000003, 24.963, 25.4276,
      26.112399999999997, 23.943599999999996, 24.78, 18.087600000000002,
      10.8672, 10.0, 10.0, 10.0, 10.0, 10.0
    ],
    [
      61.17999999999999, 69.413, 72.078, 72.84400000000001, 73.54399999999998,
      74.184, 74.442, 74.128, 68.452, 66.228, 67.363, 68.436, 68.515, 68.328,
      68.16, 68.519, 68.102, 68.275, 62.02300000000001, 61.59100000000001,
      61.376, 61.507000000000005, 61.980999999999995, 61.57899999999999,
      61.54200000000001, 61.386, 61.773, 61.641000000000005, 57.876, 54.67,
      49.172000000000004, 48.064, 46.444, 45.672000000000004, 47.496,
      48.595000000000006, 48.659, 41.972, 40.631, 35.45, 28.762, 21.337, 22.627,
      16.969, 21.457, 22.256999999999998, 22.744, 22.663, 22.347,
      22.528999999999996, 22.704, 21.689999999999998, 22.296,
      16.398000000000003, 10.806000000000001, 10.0, 10.0, 10.0, 10.0, 10.0
    ]
  ]
}
