{
  "batchsizes": [8192, 4096, 2048, 1024, 512, 256, 128, 64, 32],
  "real_accu": [
    [99.372, 99.978, 99.998, 99.71, 99.046, 99.55199999999999, 99.22800000000001, 96.02199999999999, 98.312],
    [75.18, 74.03999999999999, 76.75, 75.69, 74.05000000000001, 74.88, 70.72, 70.59, 70.8]
  ],
  "quat_accu": [
    [96.622, 99.99, 56.879999999999995, 99.816, 99.518, 99.624, 99.214, 10.0, 10.0],
    [70.98, 74.57000000000001, 55.42, 76.95, 76.8, 77.0, 74.59, 10.0, 10.0]
  ],
  "real_time": [
    [1.1699750423431396, 1.2061145305633545, 2.230872392654419, 4.219114780426025, 8.218767881393433, 16.213643550872803, 33.64581918716431, 63.00528645515442, 122.36269640922546],
    [211.95912218093872, 213.70829939842224, 203.469256401062, 216.00104808807373, 187.34490036964417, 201.77841019630432, 212.87315559387207, 217.1784143447876, 245.29360127449036]
  ],
  "quat_time": [
    [1.4719915390014648, 2.6441705226898193, 5.020329713821411, 9.587217092514038, 19.002254247665405, 37.932520627975464, 76.93378067016602, 149.2151825428009, 300.6423614025116],
    [144.9343729019165, 143.84782910346985, 143.62342953681946, 143.89789462089539, 144.1344313621521, 144.96337890625, 146.59993815422058, 242.28373908996582, 477.88612031936646]
  ]
}
