{
  "batchsizes": [
    7900, 7800, 7700, 7600, 7500, 7400, 7300, 7200, 7100, 7000, 6900, 6800,
    6700, 6600, 6500, 6400, 6300, 6200, 6100, 6000, 5900, 5800, 5700, 5600,
    5500, 5400, 5300, 5200, 5100, 5000, 4900, 4800, 4700, 4600, 4500, 4400,
    4300, 4200, 4100, 4000, 3900, 3800, 3700, 3600, 3500, 3400, 3300, 3200,
    3100, 3000, 2900, 2800, 2700, 2600, 2500, 2400, 2300, 2200, 2100, 2000,
    1900, 1800, 1700, 1600, 1500, 1400, 1300, 1200, 1100, 1000, 900, 800, 700,
    600, 500, 400, 300, 200, 100
  ],
  "real_accu": [
    [
      96.13600000000001, 94.62333333333333, 90.21600000000001, 94.42,
      92.12066666666665, 91.09533333333333, 96.55, 93.39466666666668,
      90.62466666666667, 92.79666666666667, 94.47666666666667, 94.682, 93.586,
      92.13333333333333, 93.56266666666666, 96.18266666666666,
      93.05066666666666, 94.75066666666667, 90.50133333333333, 95.584, 98.574,
      96.18400000000001, 10.0, 96.234, 93.72066666666667, 95.64466666666665,
      88.80533333333334, 94.15933333333332, 97.17399999999999,
      94.39799999999998, 94.73599999999999, 96.23733333333332,
      97.91199999999999, 97.98200000000001, 97.01866666666666, 98.774,
      94.91266666666668, 98.29133333333334, 97.51333333333334,
      98.63266666666668, 98.10066666666667, 96.152, 95.786, 98.44866666666667,
      98.46133333333334, 98.25999999999999, 97.64933333333335,
      99.07333333333334, 98.11533333333334, 98.71866666666666,
      98.81599999999999, 99.238, 98.51066666666667, 99.00666666666666,
      97.79733333333336, 99.47666666666665, 98.46533333333332,
      98.95400000000001, 98.48333333333333, 91.37266666666666,
      99.42399999999999, 96.69666666666666, 99.41266666666667,
      99.98066666666666, 99.76999999999998, 99.89533333333334,
      98.59333333333332, 10.0, 99.68733333333334, 99.80666666666667,
      99.74133333333333, 99.78333333333335, 99.67666666666668,
      99.15666666666665, 98.67333333333333, 99.43266666666666,
      98.86133333333333, 99.04199999999999, 97.92533333333334
    ],
    [
      75.05666666666667, 75.47666666666666, 72.31333333333333,
      76.22666666666667, 74.73333333333333, 72.51333333333334,
      76.62666666666665, 75.08333333333333, 71.47333333333333, 74.99,
      75.35333333333334, 75.55, 74.99000000000001, 72.83666666666666,
      74.23666666666666, 77.64666666666666, 75.0, 73.83666666666666,
      70.13333333333334, 75.94, 75.08, 75.48333333333333, 10.0, 76.29,
      73.81333333333335, 74.24666666666666, 65.4, 73.31, 73.24000000000001,
      75.86, 74.20666666666666, 73.53666666666668, 75.51666666666665,
      75.14999999999999, 74.61333333333333, 77.21, 75.21666666666667,
      76.76333333333334, 76.33666666666666, 77.71666666666665,
      75.14333333333333, 74.21333333333334, 75.45666666666666,
      75.63666666666667, 76.17999999999999, 76.80333333333333,
      75.19333333333334, 76.99333333333334, 77.92999999999999,
      76.62333333333333, 76.74, 76.14, 74.06333333333335, 75.88, 75.51,
      76.39999999999999, 76.53333333333335, 75.38000000000001,
      75.07000000000001, 74.48, 71.25333333333333, 72.41333333333334,
      77.65666666666667, 76.22333333333334, 77.80666666666667,
      79.33333333333333, 76.20666666666666, 10.0, 78.93333333333334, 76.02,
      73.04333333333334, 76.36666666666667, 75.21999999999998,
      76.61333333333334, 74.99333333333334, 75.73333333333333,
      72.62666666666667, 73.52000000000001, 73.31333333333335
    ]
  ],
  "quat_accu": [
    [
      96.87333333333333, 97.474, 97.474, 97.30666666666667, 97.48, 97.152,
      95.60466666666667, 94.68533333333333, 95.454, 95.78266666666667, 95.702,
      97.09333333333332, 95.95466666666668, 98.05399999999999,
      97.92133333333334, 96.56533333333334, 95.54866666666665,
      95.40800000000002, 98.70733333333332, 97.95466666666668,
      98.17399999999999, 98.8, 97.99266666666666, 98.22333333333331, 97.272,
      97.72866666666665, 97.334, 97.55666666666667, 98.43333333333334,
      99.04933333333332, 97.94866666666667, 99.42533333333334,
      98.33200000000001, 99.47933333333333, 98.93133333333333,
      98.63933333333334, 99.294, 98.49466666666666, 99.06599999999999,
      98.71733333333334, 99.55066666666666, 99.09666666666665,
      99.62133333333334, 99.39799999999998, 99.13466666666666, 99.504,
      98.41533333333332, 99.86, 98.188, 99.442, 99.91866666666665,
      99.28266666666667, 99.91000000000001, 99.88733333333334,
      89.41199999999999, 99.00866666666667, 99.96, 99.67, 99.90599999999999,
      99.91466666666668, 94.622, 95.178, 90.846, 89.43733333333334,
      94.91333333333334, 99.58266666666667, 95.98866666666667,
      91.97466666666666, 99.766, 99.70333333333333, 99.65533333333333,
      99.63866666666667, 94.84133333333334, 99.46266666666666,
      99.08666666666666, 99.19200000000001, 99.10666666666667,
      99.28533333333333, 39.105333333333334
    ],
    [
      74.34666666666665, 73.86, 75.63666666666667, 75.05999999999999, 75.13,
      76.3, 73.76333333333334, 73.07333333333334, 73.93333333333334,
      73.47000000000001, 71.44, 74.28333333333335, 74.05666666666669,
      72.49333333333334, 73.77999999999999, 74.98333333333333,
      75.19666666666666, 74.06666666666666, 74.75666666666666,
      73.78666666666668, 75.32333333333334, 74.63666666666667,
      75.02666666666666, 74.89666666666666, 72.98666666666666, 74.48,
      73.20666666666666, 74.70333333333333, 75.12, 74.85666666666667, 74.44,
      72.83333333333333, 74.16333333333334, 74.64666666666668,
      76.42333333333333, 73.09666666666668, 75.42, 71.98, 72.55,
      74.14999999999999, 76.44333333333334, 72.32, 74.24999999999999,
      74.96666666666667, 72.94, 75.46666666666667, 72.14333333333333, 74.26,
      71.99000000000001, 73.52333333333334, 75.70333333333333,
      74.34333333333332, 76.43333333333334, 76.32666666666667,
      71.28333333333332, 74.42, 74.48333333333333, 73.53333333333335,
      74.58333333333333, 73.95666666666666, 74.33666666666666,
      73.14333333333333, 71.85333333333334, 70.51666666666667,
      74.81333333333333, 76.13666666666667, 74.66666666666667,
      71.88000000000001, 77.74666666666667, 74.73, 75.82666666666667,
      77.69999999999999, 75.93, 75.74666666666667, 75.71333333333334, 75.7,
      75.72666666666667, 77.20666666666666, 32.04333333333333
    ]
  ],