{
  "batchsizes": [9000, 8000, 7000, 6000, 5000, 4000, 3000, 2000, 1000],
  "real_accu": [
    [
      89.562, 91.826, 88.036, 93.52000000000001, 98.028, 99.2, 97.622, 99.132,
      99.87
    ],
    [
      76.1, 74.92, 74.71, 75.41, 76.49000000000001, 76.06, 75.46000000000001,
      76.35, 77.45
    ]
  ],
  "quat_accu": [
    [
      97.202, 88.908, 96.916, 99.32600000000001, 95.324, 98.67399999999999,
      99.64, 99.976, 100.0
    ],
    [74.69, 72.32, 73.58, 75.66000000000001, 73.42, 71.64, 74.81, 76.39, 75.87]
  ],
  "real_time": [
    [
      42.15978670120239, 0.41254258155822754, 0.41907691955566406,
      0.45542407035827637, 0.4794018268585205, 0.6187784671783447,
      0.7723193168640137, 1.1000001430511475, 2.1339824199676514
    ],
    [
      119.50948309898376, 106.27752947807312, 105.97809648513794,
      106.499760389328, 102.38193225860596, 109.37405061721802,
      106.83059549331665, 100.75124764442444, 98.31633830070496
    ]
  ],
  "quat_time": [
    [
      0.6315484046936035, 0.7249929904937744, 0.8269073963165283,
      0.9288146495819092, 1.0173416137695312, 1.3043689727783203,
      1.695390224456787, 2.4740524291992188, 4.840012788772583
    ],
    [
      73.7457766532898, 72.24702024459839, 72.15501832962036, 72.0594072341919,
      71.91429328918457, 71.98244547843933, 71.85978150367737,
      71.82951140403748, 72.1688597202301
    ]
  ]
}
