{"batchsizes": [9000, 8000, 7000, 6000, 5000, 4000, 3000, 2000, 1000], "real_accu": [[92.58, 93.294, 82.524, 93.77600000000001, 98.578, 91.498, 96.286, 99.786, 99.96000000000001], [75.74, 70.81, 70.58, 74.51, 76.96, 74.67, 73.67, 77.79, 75.03999999999999]], "quat_accu": [[91.252, 95.738, 95.75200000000001, 95.41, 99.278, 98.38799999999999, 98.482, 99.958, 99.998], [74.78, 74.21, 74.21, 74.96000000000001, 74.76, 74.07000000000001, 72.77, 75.9, 76.12]], "real_time": [[42.10345530509949, 0.41914939880371094, 0.42543697357177734, 0.4655752182006836, 0.49242734909057617, 0.6311459541320801, 0.8972949981689453, 1.1305418014526367, 2.1773977279663086], [118.99669885635376, 106.06734037399292, 105.81453037261963, 106.34605860710144, 102.24553227424622, 109.2731602191925, 106.4673388004303, 100.78668546676636, 98.07801699638367]], "quat_time": [[0.6443274021148682, 0.7406766414642334, 0.8404178619384766, 0.9391722679138184, 1.0422842502593994, 1.3459794521331787, 1.7475216388702393, 2.533998489379883, 4.982440233230591], [73.63719487190247, 72.19187521934509, 72.14577841758728, 71.94235563278198, 71.83484101295471, 71.84299850463867, 71.80293107032776, 71.70886182785034, 71.97093462944031]]}