{"RN101_real": {"saved_models/RN101_real_prune/RN101_real_unpruned.pt": {"accuracy": 65.42091836734694, "prune_perc": 1.0}, "saved_models/RN101_real_prune/RN101_real_1.pt": {"accuracy": 64.76243622448979, "prune_perc": 0.5}, "saved_models/RN101_real_prune/RN101_real_2.pt": {"accuracy": 63.62763073979592, "prune_perc": 0.25}, "saved_models/RN101_real_prune/RN101_real_3.pt": {"accuracy": 61.10092474489796, "prune_perc": 0.125}, "saved_models/RN101_real_prune/RN101_real_4.pt": {"accuracy": 57.2297512755102, "prune_perc": 0.0625}, "saved_models/RN101_real_prune/RN101_real_5.pt": {"accuracy": 52.59845344387755, "prune_perc": 0.03125}, "saved_models/RN101_real_prune/RN101_real_6.pt": {"accuracy": 46.578443877551024, "prune_perc": 0.015625}, "saved_models/RN101_real_prune/RN101_real_7.pt": {"accuracy": 39.2610012755102, "prune_perc": 0.0078125}, "saved_models/RN101_real_prune/RN101_real_8.pt": {"accuracy": 27.080676020408163, "prune_perc": 0.00390625}, "saved_models/RN101_real_prune/RN101_real_9.pt": {"accuracy": 14.514907525510203, "prune_perc": 0.0019531362522108345}, "saved_models/RN101_real_prune/RN101_real_10.pt": {"accuracy": 2.475286989795918, "prune_perc": 0.0009765793783162516}, "saved_models/RN101_real_prune/RN101_real_11.pt": {"accuracy": 1.1786511479591837, "prune_perc": 0.0004882784369472914}, "saved_models/RN101_real_prune/RN101_real_12.pt": {"accuracy": 0.09964923469387756, "prune_perc": 0.0002441504706844801}, "saved_models/RN101_real_prune/RN101_real_13.pt": {"accuracy": 0.09964923469387756, "prune_perc": 0.00012213149639641197}}, "RN101_quat": {"saved_models/RN101_quat_prune/RN101_quat_unpruned.pt": {"accuracy": 63.48453443877551, "prune_perc": 1.0}, "saved_models/RN101_quat_prune/RN101_quat_1.pt": {"accuracy": 60.860969387755105, "prune_perc": 0.5}, "saved_models/RN101_quat_prune/RN101_quat_2.pt": {"accuracy": 57.6953125, "prune_perc": 0.25}, "saved_models/RN101_quat_prune/RN101_quat_3.pt": {"accuracy": 52.82445790816327, "prune_perc": 0.125}, "saved_models/RN101_quat_prune/RN101_quat_4.pt": {"accuracy": 47.34654017857143, "prune_perc": 0.0625}, "saved_models/RN101_quat_prune/RN101_quat_5.pt": {"accuracy": 41.0546875, "prune_perc": 0.03125018003537335}, "saved_models/RN101_quat_prune/RN101_quat_6.pt": {"accuracy": 34.11312181122449, "prune_perc": 0.015625270053060025}, "saved_models/RN101_quat_prune/RN101_quat_7.pt": {"accuracy": 23.335459183673468, "prune_perc": 0.007812454991156663}, "saved_models/RN101_quat_prune/RN101_quat_8.pt": {"accuracy": 15.813934948979592, "prune_perc": 0.003906407530951682}, "saved_models/RN101_quat_prune/RN101_quat_9.pt": {"accuracy": 0.09964923469387756, "prune_perc": 0.0019541039423425915}, "saved_models/RN101_quat_prune/RN101_quat_10.pt": {"accuracy": 0.09964923469387756, "prune_perc": 0.0009779521480380465}, "saved_models/RN101_quat_prune/RN101_quat_11.pt": {"accuracy": 0.09964923469387756, "prune_perc": 0.0004907764277525249}}}