{"RN152_real": {"saved_models/RN152_real_prune/RN152_real_unpruned.pt": {"accuracy": 65.374, "prune_perc": 1.0}, "saved_models/RN152_real_prune/RN152_real_1.pt": {"accuracy": 63.522, "prune_perc": 0.700000283176265}, "saved_models/RN152_real_prune/RN152_real_2.pt": {"accuracy": 64.108, "prune_perc": 0.4900003797893435}, "saved_models/RN152_real_prune/RN152_real_3.pt": {"accuracy": 63.37, "prune_perc": 0.34300059900108737}, "saved_models/RN152_real_prune/RN152_real_4.pt": {"accuracy": 62.562, "prune_perc": 0.24010035766828}, "saved_models/RN152_real_prune/RN152_real_5.pt": {"accuracy": 61.276, "prune_perc": 0.16807057685337198}, "saved_models/RN152_real_prune/RN152_real_6.pt": {"accuracy": 60.094, "prune_perc": 0.11764889408008358}, "saved_models/RN152_real_prune/RN152_real_7.pt": {"accuracy": 58.442, "prune_perc": 0.08235442074795847}, "saved_models/RN152_real_prune/RN152_real_8.pt": {"accuracy": 56.776, "prune_perc": 0.05764789130295729}, "saved_models/RN152_real_prune/RN152_real_9.pt": {"accuracy": 54.404, "prune_perc": 0.040352884266859984}, "saved_models/RN152_real_prune/RN152_real_10.pt": {"accuracy": 51.41, "prune_perc": 0.02824761532270101}, "saved_models/RN152_real_prune/RN152_real_11.pt": {"accuracy": 48.876, "prune_perc": 0.01977294927080446}, "saved_models/RN152_real_prune/RN152_real_12.pt": {"accuracy": 45.424, "prune_perc": 0.013840856271721285}, "saved_models/RN152_real_prune/RN152_real_13.pt": {"accuracy": 41.494, "prune_perc": 0.009689292339182533}, "saved_models/RN152_real_prune/RN152_real_14.pt": {"accuracy": 37.712, "prune_perc": 0.006781988257180018}, "saved_models/RN152_real_prune/RN152_real_15.pt": {"accuracy": 17.094, "prune_perc": 0.004747899831560095}}, "RN152_quat": {"saved_models/RN152_quat_prune/RN152_quat_unpruned.pt": {"accuracy": 63.026, "prune_perc": 1.0}, "saved_models/RN152_quat_prune/RN152_quat_1.pt": {"accuracy": 62.842, "prune_perc": 0.7000045308202384}, "saved_models/RN152_quat_prune/RN152_quat_2.pt": {"accuracy": 60.522, "prune_perc": 0.4899932837252937}, "saved_models/RN152_quat_prune/RN152_quat_3.pt": {"accuracy": 58.884, "prune_perc": 0.34300041576938656}, "saved_models/RN152_quat_prune/RN152_quat_4.pt": {"accuracy": 57.448, "prune_perc": 0.2401020234110147}, "saved_models/RN152_quat_prune/RN152_quat_5.pt": {"accuracy": 55.672, "prune_perc": 0.1680766401569263}, "saved_models/RN152_quat_prune/RN152_quat_6.pt": {"accuracy": 52.782, "prune_perc": 0.11765633995010767}, "saved_models/RN152_quat_prune/RN152_quat_7.pt": {"accuracy": 49.834, "prune_perc": 0.0823673802264344}, "saved_models/RN152_quat_prune/RN152_quat_8.pt": {"accuracy": 46.988, "prune_perc": 0.05765522057098996}, "saved_models/RN152_quat_prune/RN152_quat_9.pt": {"accuracy": 44.174, "prune_perc": 0.0403440225155114}, "saved_models/RN152_quat_prune/RN152_quat_10.pt": {"accuracy": 40.35, "prune_perc": 0.028244067290676106}, "saved_models/RN152_quat_prune/RN152_quat_11.pt": {"accuracy": 36.464, "prune_perc": 0.019769034775377923}, "saved_models/RN152_quat_prune/RN152_quat_12.pt": {"accuracy": 31.408, "prune_perc": 0.013837391526833116}}}