{"RN152_real": {"saved_models/RN152_real_prune/RN152_real_unpruned.pt": {"accuracy": 66.82079081632654, "prune_perc": 1.0}, "saved_models/RN152_real_prune/RN152_real_1.pt": {"accuracy": 65.75653698979592, "prune_perc": 0.5}, "saved_models/RN152_real_prune/RN152_real_2.pt": {"accuracy": 63.90385841836735, "prune_perc": 0.25}, "saved_models/RN152_real_prune/RN152_real_3.pt": {"accuracy": 61.285076530612244, "prune_perc": 0.125}, "saved_models/RN152_real_prune/RN152_real_4.pt": {"accuracy": 58.045280612244895, "prune_perc": 0.0625}, "saved_models/RN152_real_prune/RN152_real_5.pt": {"accuracy": 54.21117665816327, "prune_perc": 0.03125}, "saved_models/RN152_real_prune/RN152_real_6.pt": {"accuracy": 48.641581632653065, "prune_perc": 0.015625}, "saved_models/RN152_real_prune/RN152_real_7.pt": {"accuracy": 42.039620535714285, "prune_perc": 0.0078125}, "saved_models/RN152_real_prune/RN152_real_8.pt": {"accuracy": 31.84111926020408, "prune_perc": 0.00390625}, "saved_models/RN152_real_prune/RN152_real_9.pt": {"accuracy": 17.986288265306122, "prune_perc": 0.0019531333287136736}, "saved_models/RN152_real_prune/RN152_real_10.pt": {"accuracy": 0.09964923469387756, "prune_perc": 0.0009765749930705102}, "saved_models/RN152_real_prune/RN152_real_11.pt": {"accuracy": 0.09964923469387756, "prune_perc": 0.00048827916782158166}, "saved_models/RN152_real_prune/RN152_real_12.pt": {"accuracy": 0.09964923469387756, "prune_perc": 0.0002441479126244643}, "saved_models/RN152_real_prune/RN152_real_13.pt": {"accuracy": 0.09964923469387756, "prune_perc": 0.00012211559988059957}}, "RN152_quat": {"saved_models/RN152_quat_prune/RN152_quat_unpruned.pt": {"accuracy": 65.06138392857143, "prune_perc": 1.0}, "saved_models/RN152_quat_prune/RN152_quat_1.pt": {"accuracy": 62.48086734693877, "prune_perc": 0.5}, "saved_models/RN152_quat_prune/RN152_quat_2.pt": {"accuracy": 58.441087372448976, "prune_perc": 0.25}, "saved_models/RN152_quat_prune/RN152_quat_3.pt": {"accuracy": 54.37938456632653, "prune_perc": 0.125}, "saved_models/RN152_quat_prune/RN152_quat_4.pt": {"accuracy": 49.30125956632653, "prune_perc": 0.0625}, "saved_models/RN152_quat_prune/RN152_quat_5.pt": {"accuracy": 43.607700892857146, "prune_perc": 0.03125013325941878}, "saved_models/RN152_quat_prune/RN152_quat_6.pt": {"accuracy": 36.314572704081634, "prune_perc": 0.015625199889128163}, "saved_models/RN152_quat_prune/RN152_quat_7.pt": {"accuracy": 27.03842474489796, "prune_perc": 0.0078124666851453065}, "saved_models/RN152_quat_prune/RN152_quat_8.pt": {"accuracy": 0.09964923469387756, "prune_perc": 0.003906366601991429}, "saved_models/RN152_quat_prune/RN152_quat_9.pt": {"accuracy": 8.373724489795919, "prune_perc": 0.001953849598089593}, "saved_models/RN152_quat_prune/RN152_quat_10.pt": {"accuracy": 0.09964923469387756, "prune_perc": 0.000977591096138675}, "saved_models/RN152_quat_prune/RN152_quat_11.pt": {"accuracy": 0.09964923469387756, "prune_perc": 0.0004906611799321976}, "saved_models/RN152_quat_prune/RN152_quat_12.pt": {"accuracy": 0.09964923469387756, "prune_perc": 0.0002478625189228375}, "saved_models/RN152_quat_prune/RN152_quat_13.pt": {"accuracy": 0.09964923469387756, "prune_perc": 0.00013112726807530756}}}