{"RN18_real": {"saved_models/RN18_real_prune/RN18_real_unpruned.pt": {"accuracy": 62.352, "prune_perc": 1.0}, "saved_models/RN18_real_prune/RN18_real_1.pt": {"accuracy": 61.282, "prune_perc": 0.7000000342706117}, "saved_models/RN18_real_prune/RN18_real_2.pt": {"accuracy": 60.212, "prune_perc": 0.48999992117759306}, "saved_models/RN18_real_prune/RN18_real_3.pt": {"accuracy": 58.87, "prune_perc": 0.3429998163095212}, "saved_models/RN18_real_prune/RN18_real_4.pt": {"accuracy": 57.016, "prune_perc": 0.24009999136380586}, "saved_models/RN18_real_prune/RN18_real_5.pt": {"accuracy": 55.12, "prune_perc": 0.16807027668721075}, "saved_models/RN18_real_prune/RN18_real_6.pt": {"accuracy": 52.888, "prune_perc": 0.1176490394632948}, "saved_models/RN18_real_prune/RN18_real_7.pt": {"accuracy": 50.124, "prune_perc": 0.08235425051543}, "saved_models/RN18_real_prune/RN18_real_8.pt": {"accuracy": 46.874, "prune_perc": 0.05764796679314807}, "saved_models/RN18_real_prune/RN18_real_9.pt": {"accuracy": 43.562, "prune_perc": 0.040353216913780625}, "saved_models/RN18_real_prune/RN18_real_10.pt": {"accuracy": 39.85, "prune_perc": 0.028247294677911084}, "saved_models/RN18_real_prune/RN18_real_11.pt": {"accuracy": 35.378, "prune_perc": 0.019773114842190687}, "saved_models/RN18_real_prune/RN18_real_12.pt": {"accuracy": 31.094, "prune_perc": 0.013840957630557323}, "saved_models/RN18_real_prune/RN18_real_13.pt": {"accuracy": 26.734, "prune_perc": 0.00968873031496063}, "saved_models/RN18_real_prune/RN18_real_14.pt": {"accuracy": 21.682, "prune_perc": 0.00678181135261992}, "saved_models/RN18_real_prune/RN18_real_15.pt": {"accuracy": 17.964, "prune_perc": 0.004747165134998794}, "saved_models/RN18_real_prune/RN18_real_16.pt": {"accuracy": 14.504, "prune_perc": 0.0033228785120522886}, "saved_models/RN18_real_prune/RN18_real_17.pt": {"accuracy": 10.92, "prune_perc": 0.0023259464172131687}, "saved_models/RN18_real_prune/RN18_real_18.pt": {"accuracy": 7.476, "prune_perc": 0.001627768380014476}}, "RN18_quat": {"saved_models/RN18_quat_prune/RN18_quat_unpruned.pt": {"accuracy": 53.644, "prune_perc": 1.0}, "saved_models/RN18_quat_prune/RN18_quat_1.pt": {"accuracy": 51.42, "prune_perc": 0.7000005483297874}, "saved_models/RN18_quat_prune/RN18_quat_2.pt": {"accuracy": 49.34, "prune_perc": 0.4899984646765951}, "saved_models/RN18_quat_prune/RN18_quat_3.pt": {"accuracy": 47.658, "prune_perc": 0.3429981027789354}, "saved_models/RN18_quat_prune/RN18_quat_4.pt": {"accuracy": 44.99, "prune_perc": 0.24009990568727654}, "saved_models/RN18_quat_prune/RN18_quat_5.pt": {"accuracy": 42.062, "prune_perc": 0.1680685631566249}, "saved_models/RN18_quat_prune/RN18_quat_6.pt": {"accuracy": 38.61, "prune_perc": 0.11764689755006251}, "saved_models/RN18_quat_prune/RN18_quat_7.pt": {"accuracy": 35.094, "prune_perc": 0.08235776325313096}, "saved_models/RN18_quat_prune/RN18_quat_8.pt": {"accuracy": 31.906, "prune_perc": 0.057645910556445065}, "saved_models/RN18_quat_prune/RN18_quat_9.pt": {"accuracy": 28.01, "prune_perc": 0.04035158905972408}, "saved_models/RN18_quat_prune/RN18_quat_10.pt": {"accuracy": 24.354, "prune_perc": 0.028244467352444454}, "saved_models/RN18_quat_prune/RN18_quat_11.pt": {"accuracy": 20.42, "prune_perc": 0.019770030487136183}, "saved_models/RN18_quat_prune/RN18_quat_12.pt": {"accuracy": 17.881999999999998, "prune_perc": 0.013831618888864519}, "saved_models/RN18_quat_prune/RN18_quat_13.pt": {"accuracy": 14.216, "prune_perc": 0.009683504046673832}, "saved_models/RN18_quat_prune/RN18_quat_14.pt": {"accuracy": 12.02, "prune_perc": 0.00677461452415941}, "saved_models/RN18_quat_prune/RN18_quat_15.pt": {"accuracy": 10.052, "prune_perc": 0.004737569363718114}, "saved_models/RN18_quat_prune/RN18_quat_16.pt": {"accuracy": 8.576, "prune_perc": 0.0033132827407716097}, "saved_models/RN18_quat_prune/RN18_quat_17.pt": {"accuracy": 6.382, "prune_perc": 0.002318064176518325}}}