{"RN34_real": {"saved_models/RN34_real_prune/RN34_real_unpruned.pt": {"accuracy": 64.63, "prune_perc": 1.0}, "saved_models/RN34_real_prune/RN34_real_1.pt": {"accuracy": 63.99, "prune_perc": 0.7000000551152865}, "saved_models/RN34_real_prune/RN34_real_2.pt": {"accuracy": 63.01, "prune_perc": 0.48999992835012757}, "saved_models/RN34_real_prune/RN34_real_3.pt": {"accuracy": 62.328, "prune_perc": 0.3429998809509812}, "saved_models/RN34_real_prune/RN34_real_4.pt": {"accuracy": 61.03, "prune_perc": 0.24010005445390303}, "saved_models/RN34_real_prune/RN34_real_5.pt": {"accuracy": 59.8, "prune_perc": 0.16807029991534292}, "saved_models/RN34_real_prune/RN34_real_6.pt": {"accuracy": 57.758, "prune_perc": 0.11764895273606979}, "saved_models/RN34_real_prune/RN34_real_7.pt": {"accuracy": 55.4, "prune_perc": 0.08235413371997319}, "saved_models/RN34_real_prune/RN34_real_8.pt": {"accuracy": 52.914, "prune_perc": 0.05764801761337582}, "saved_models/RN34_real_prune/RN34_real_9.pt": {"accuracy": 50.054, "prune_perc": 0.04035325408000094}, "saved_models/RN34_real_prune/RN34_real_10.pt": {"accuracy": 46.818, "prune_perc": 0.028247456980681724}, "saved_models/RN34_real_prune/RN34_real_11.pt": {"accuracy": 43.46, "prune_perc": 0.019773343895871792}, "saved_models/RN34_real_prune/RN34_real_12.pt": {"accuracy": 39.278, "prune_perc": 0.013841147823607567}, "saved_models/RN34_real_prune/RN34_real_13.pt": {"accuracy": 34.738, "prune_perc": 0.009688945857682043}, "saved_models/RN34_real_prune/RN34_real_14.pt": {"accuracy": 30.266, "prune_perc": 0.006781844142788275}, "saved_models/RN34_real_prune/RN34_real_15.pt": {"accuracy": 24.854, "prune_perc": 0.004747263342308551}, "saved_models/RN34_real_prune/RN34_real_16.pt": {"accuracy": 20.174, "prune_perc": 0.003322992480805183}, "saved_models/RN34_real_prune/RN34_real_17.pt": {"accuracy": 15.334, "prune_perc": 0.0023260488071582264}, "saved_models/RN34_real_prune/RN34_real_18.pt": {"accuracy": 12.214, "prune_perc": 0.0016277840568378228}, "saved_models/RN34_real_prune/RN34_real_19.pt": {"accuracy": 8.992, "prune_perc": 0.0011392789009864901}, "saved_models/RN34_real_prune/RN34_real_20.pt": {"accuracy": 7.3, "prune_perc": 0.0007973804071770391}, "saved_models/RN34_real_prune/RN34_real_21.pt": {"accuracy": 6.352, "prune_perc": 0.0005580882050347447}, "saved_models/RN34_real_prune/RN34_real_22.pt": {"accuracy": 3.1, "prune_perc": 0.000390537734129737}}, "RN34_quat": {"saved_models/RN34_quat_prune/RN34_quat_unpruned.pt": {"accuracy": 57.056, "prune_perc": 1.0}, "saved_models/RN34_quat_prune/RN34_quat_1.pt": {"accuracy": 56.164, "prune_perc": 0.7000008818445838}, "saved_models/RN34_quat_prune/RN34_quat_2.pt": {"accuracy": 54.036, "prune_perc": 0.4899969429387765}, "saved_models/RN34_quat_prune/RN34_quat_3.pt": {"accuracy": 52.298, "prune_perc": 0.3429956554456843}, "saved_models/RN34_quat_prune/RN34_quat_4.pt": {"accuracy": 50.346, "prune_perc": 0.24009982480687603}, "saved_models/RN34_quat_prune/RN34_quat_5.pt": {"accuracy": 48.16, "prune_perc": 0.16807075920939693}, "saved_models/RN34_quat_prune/RN34_quat_6.pt": {"accuracy": 45.256, "prune_perc": 0.11764688591282672}, "saved_models/RN34_quat_prune/RN34_quat_7.pt": {"accuracy": 42.346, "prune_perc": 0.08235767028418911}, "saved_models/RN34_quat_prune/RN34_quat_8.pt": {"accuracy": 38.884, "prune_perc": 0.05764618043715976}, "saved_models/RN34_quat_prune/RN34_quat_9.pt": {"accuracy": 35.548, "prune_perc": 0.04035026866864984}, "saved_models/RN34_quat_prune/RN34_quat_10.pt": {"accuracy": 31.794, "prune_perc": 0.028244012275276606}, "saved_models/RN34_quat_prune/RN34_quat_11.pt": {"accuracy": 27.882, "prune_perc": 0.01977095556679091}, "saved_models/RN34_quat_prune/RN34_quat_12.pt": {"accuracy": 24.598, "prune_perc": 0.013831732295500242}, "saved_models/RN34_quat_prune/RN34_quat_13.pt": {"accuracy": 20.526, "prune_perc": 0.009684123270114874}, "saved_models/RN34_quat_prune/RN34_quat_14.pt": {"accuracy": 17.394, "prune_perc": 0.0067755058848428555}, "saved_models/RN34_quat_prune/RN34_quat_15.pt": {"accuracy": 14.212, "prune_perc": 0.004738444896471446}, "saved_models/RN34_quat_prune/RN34_quat_16.pt": {"accuracy": 11.914, "prune_perc": 0.003312061282319604}, "saved_models/RN34_quat_prune/RN34_quat_17.pt": {"accuracy": 9.924, "prune_perc": 0.0023155769027266636}, "saved_models/RN34_quat_prune/RN34_quat_18.pt": {"accuracy": 8.652000000000001, "prune_perc": 0.0016159801996496138}, "saved_models/RN34_quat_prune/RN34_quat_19.pt": {"accuracy": 7.432, "prune_perc": 0.0011258215852038237}, "saved_models/RN34_quat_prune/RN34_quat_20.pt": {"accuracy": 5.854, "prune_perc": 0.0007899857729073828}}}