{"RN50_real": {"saved_models/RN50_real_prune/RN50_real_unpruned.pt": {"accuracy": 62.404, "prune_perc": 1.0}, "saved_models/RN50_real_prune/RN50_real_1.pt": {"accuracy": 62.74, "prune_perc": 0.7000000549109877}, "saved_models/RN50_real_prune/RN50_real_2.pt": {"accuracy": 61.714, "prune_perc": 0.48999984624923437}, "saved_models/RN50_real_prune/RN50_real_3.pt": {"accuracy": 61.496, "prune_perc": 0.34299987668561044}, "saved_models/RN50_real_prune/RN50_real_4.pt": {"accuracy": 59.908, "prune_perc": 0.24010009802395751}, "saved_models/RN50_real_prune/RN50_real_5.pt": {"accuracy": 57.968, "prune_perc": 0.1680701392166116}, "saved_models/RN50_real_prune/RN50_real_6.pt": {"accuracy": 55.766, "prune_perc": 0.11764902685178677}, "saved_models/RN50_real_prune/RN50_real_7.pt": {"accuracy": 53.528, "prune_perc": 0.08235447960700049}, "saved_models/RN50_real_prune/RN50_real_8.pt": {"accuracy": 51.59, "prune_perc": 0.05764806512505899}, "saved_models/RN50_real_prune/RN50_real_9.pt": {"accuracy": 48.768, "prune_perc": 0.04035337887702951}, "saved_models/RN50_real_prune/RN50_real_10.pt": {"accuracy": 45.444, "prune_perc": 0.028247584857871537}, "saved_models/RN50_real_prune/RN50_real_11.pt": {"accuracy": 42.336, "prune_perc": 0.019773172123040778}, "saved_models/RN50_real_prune/RN50_real_12.pt": {"accuracy": 38.258, "prune_perc": 0.01384117734178105}, "saved_models/RN50_real_prune/RN50_real_13.pt": {"accuracy": 34.508, "prune_perc": 0.009689200671733957}, "saved_models/RN50_real_prune/RN50_real_14.pt": {"accuracy": 30.286, "prune_perc": 0.006782016871165644}, "saved_models/RN50_real_prune/RN50_real_15.pt": {"accuracy": 25.276, "prune_perc": 0.004747603998272971}, "saved_models/RN50_real_prune/RN50_real_16.pt": {"accuracy": 20.104, "prune_perc": 0.0033232521989497252}, "saved_models/RN50_real_prune/RN50_real_17.pt": {"accuracy": 15.92, "prune_perc": 0.0023262255504904964}, "saved_models/RN50_real_prune/RN50_real_18.pt": {"accuracy": 2.366, "prune_perc": 0.0016281107858986074}}, "RN50_quat": {"saved_models/RN50_quat_prune/RN50_quat_unpruned.pt": {"accuracy": 60.006, "prune_perc": 1.0}, "saved_models/RN50_quat_prune/RN50_quat_1.pt": {"accuracy": 57.71, "prune_perc": 0.7000008785758035}, "saved_models/RN50_quat_prune/RN50_quat_2.pt": {"accuracy": 56.544, "prune_perc": 0.4899967869227757}, "saved_models/RN50_quat_prune/RN50_quat_3.pt": {"accuracy": 54.302, "prune_perc": 0.3429966212484813}, "saved_models/RN50_quat_prune/RN50_quat_4.pt": {"accuracy": 51.458, "prune_perc": 0.24009970580261664}, "saved_models/RN50_quat_prune/RN50_quat_5.pt": {"accuracy": 48.888, "prune_perc": 0.16806966855100258}, "saved_models/RN50_quat_prune/RN50_quat_6.pt": {"accuracy": 45.796, "prune_perc": 0.11765008584940709}, "saved_models/RN50_quat_prune/RN50_quat_7.pt": {"accuracy": 42.682, "prune_perc": 0.0823583233761409}, "saved_models/RN50_quat_prune/RN50_quat_8.pt": {"accuracy": 39.488, "prune_perc": 0.05765026156456779}, "saved_models/RN50_quat_prune/RN50_quat_9.pt": {"accuracy": 36.032, "prune_perc": 0.04034922133081642}, "saved_models/RN50_quat_prune/RN50_quat_10.pt": {"accuracy": 33.154, "prune_perc": 0.028242446758306308}, "saved_models/RN50_quat_prune/RN50_quat_11.pt": {"accuracy": 29.224, "prune_perc": 0.01976607291677126}, "saved_models/RN50_quat_prune/RN50_quat_12.pt": {"accuracy": 25.458, "prune_perc": 0.01383317602642756}, "saved_models/RN50_quat_prune/RN50_quat_13.pt": {"accuracy": 20.494, "prune_perc": 0.00968504312552087}, "saved_models/RN50_quat_prune/RN50_quat_14.pt": {"accuracy": 16.768, "prune_perc": 0.006772564336850984}, "saved_models/RN50_quat_prune/RN50_quat_15.pt": {"accuracy": 12.852, "prune_perc": 0.004741799122428283}, "saved_models/RN50_quat_prune/RN50_quat_16.pt": {"accuracy": 10.284, "prune_perc": 0.0033178787665799807}, "saved_models/RN50_quat_prune/RN50_quat_17.pt": {"accuracy": 7.312, "prune_perc": 0.0023188125671482936}, "saved_models/RN50_quat_prune/RN50_quat_18.pt": {"accuracy": 2.7, "prune_perc": 0.001620344803349633}}}